{"iterations": [{"iteration": 0, "complexity": 0.6923076923076923, "performance": 0.6923076923076923, "data_length": 3806, "train_length": 74}, {"iteration": 1, "complexity": 0.6428571428571429, "performance": 0.6428571428571429, "data_length": 3806, "train_length": 75}, {"iteration": 2, "complexity": 0.6428571428571429, "performance": 0.6428571428571429, "data_length": 3806, "train_length": 75}]}