{"iterations": [{"iteration": 0, "complexity": 0.6153846153846154, "performance": 0.6153846153846154, "data_length": 3806, "train_length": 74}, {"iteration": 1, "complexity": 0.6153846153846154, "performance": 0.6153846153846154, "data_length": 3806, "train_length": 74}, {"iteration": 2, "complexity": 0.7692307692307693, "performance": 0.7692307692307693, "data_length": 3806, "train_length": 74}, {"iteration": 3, "complexity": 0.7692307692307693, "performance": 0.7692307692307693, "data_length": 3806, "train_length": 74}]}