{"iterations": [{"iteration": 0, "complexity": 0.7222222222222222, "performance": 0.7222222222222222, "data_length": 14458, "labeled_length": 100, "labels": 5}, {"iteration": 1, "complexity": 0.8131734612310152, "performance": 0.8131734612310152, "data_length": 14459, "labeled_length": 700, "labels": 5}, {"iteration": 2, "complexity": 0.6863947043562585, "performance": 0.6863947043562585, "data_length": 14468, "labeled_length": 1299, "labels": 5}]}